Id;Designador;Footprint;Quantidade;Designação;Fornecedor e referência
1;C1, C3, C4, C5, C20, C21, C22, C24, C27, C28, C33, C37;C_0603_1608Metric;12;100n/16V;
2;C2, C23, C25, C26, C29, C30, C35, C36, C39;C_0603_1608Metric;9;10u/16V;
3;C6, C7, C8, C9, C10, C11, C12, C13, C14, C15, C16, C17;C_0603_1608Metric;12;18n/10Q;
4;C31, C32, C34, C38;C_0603_1608Metric;4;1u/16V;
5;D1;LED_0603_1608Metric;1;LED_L1;
6;D2;LED_0603_1608Metric;1;LED_L2;
7;D3, D4;LED_0603_1608Metric;2;LED_L3;
8;D5, D6, D7, D8;LED_0603_1608Metric;4;LED;
9;F1;FuseHolder_5x20mm_P=22,5mm;1;T/200mA/250VAC;
10;J1, J2, J5, J6;PinHeader_1x02_P2.54mm_Vertical;4;Conn_01x02;
11;J3;PinHeader_1x04_P2.54mm_Vertical;1;Conn_01x04;
12;J4;PinHeader_1x06_P2.54mm_Vertical;1;Conn_01x06;
13;J7;TerminalBlock_Phoenix_MKDS-3-4-5.08_1x04_P5.08mm_Horizontal;1;Screw_Terminal_01x04;
14;J8;TerminalBlock_Phoenix_MPT-0,5-8-2.54_1x08_P2.54mm_Horizontal;1;Screw_Terminal_01x08;
15;J10;JST_PH_B3B-PH-K_1x03_P2.00mm_Vertical;1;Conn_01x03;
16;MOV1;RV_Disc_D16.5mm_W6.7mm_P7.5mm;1;14D471K;
17;R1, R2, R3, R6, R7, R8, R59, R61, R65, R66;R_0603_1608Metric;10;1k;
18;R9, R10, R57, R58, R67, R68, R69;R_0603_1608Metric;7;10k;
19;R11, R12, R27, R28, R46, R47;R_0603_1608Metric;6;2R4/1Q;
20;R13, R14, R15, R18, R19, R20, R21, R22, R23, R24, R25, R26, R31, R32, R33, R34, R35, R36, R37, R38, R39;R_1206_3216Metric;21;240k/1Q;
21;R16, R17, R29, R30, R40, R41, R42, R43, R44, R45, R48, R49;R_0603_1608Metric;12;1k/1Q;
22;R60;R_0603_1608Metric;1;91R/1Q;
23;R62;R_0603_1608Metric;1;56k/1Q;
24;R63;R_0603_1608Metric;1;1k58/1Q;
25;R64;R_0603_1608Metric;1;1k8/1Q;
26;TP1, TP13, TP14, TP15, TP16, TP17, TP18, TP19, TP21;TestPoint_Pad_D1.5mm;9;TestPoint;
27;TP2, TP3, TP4, TP5, TP6, TP7, TP8, TP9, TP10, TP11, TP12, TP20;TestPoint_Pad_D1.0mm;12;TestPoint;
28;U1;ESP32-S3-WROOM-1;1;ESP32-S3;
29;U2, U3;SOIC-4_6.5x4.6_P2.54mm;2;PC817;
30;U4;SOIC-16W_7.5x10.3mm_P1.27mm;1;ADuM1411;
31;U5;48TQFP;1;ATM90E36A-AU-R;
32;U6;Converter_ACDC_Hi-Link_HLK-5Mxx;1;HLK-5M05;
33;U7;B0303S-1WR3;1;B0303S-1WR3;
34;U8;VQFN-16-1EP_3x3mm_P0.5mm_EP1.6x1.6mm;1;BQ24073RGT;
35;U9;WSON-6-1EP_2x2mm_P0.65mm_EP1x1.6mm;1;TLV75733PDRV;
36;U10;SOT-23-6;1;TPS22918DBV;
37;Y1;Crystal_SMD_3225-4Pin_3.2x2.5mm;1;ABM8W-16.3840MHZ-4-B1U-T3;
